com.Slack	slack.png
com.android.chrome	chrome.png
com.android.settings	settings.png
com.android.vending	gplaystore.png
com.donnnno.arcticons	arcticons.png
com.garmin.android.apps.connectmobile	connect.png
com.google.android.apps.authenticator2	g2step.png
com.google.android.apps.bard	gemini.png
com.google.android.apps.docs.editors.sheets	gsheets.png
com.google.android.apps.maps	gmaps.png
com.google.android.apps.messaging	messages.png
com.google.android.apps.nbu.files	files.png
com.google.android.apps.photos	gphotos.png
com.google.android.apps.translate	gtranslate.png
com.google.android.apps.walletnfcrel	wallet.png
com.google.android.calculator	calculator.png
com.google.android.calendar	calendar_31.png
com.google.android.contacts	contacts.png
com.google.android.deskclock	clock.png
com.google.android.dialer	phone.png
com.google.android.gm	gmail.png
com.google.android.googlequicksearchbox	googleapp.png
com.google.android.youtube	youtube.png
com.greenaddress.greenbits_android_wallet	greenbits.png
com.instagram.android	instagram.png
com.netflix.mediaclient	netflix.png
com.reddit.frontpage	reddit.png
com.spotify.music	spotify.png
com.twitter.android	twitter.png
com.whatsapp	whatsapp.png
com.x8bit.bitwarden	bitwarden.png
de.danoeh.antennapod	antennapod.png
org.fdroid.fdroid	fdroid.png
org.mozilla.firefox	firefox.png
org.thoughtcrime.securesms	signal.png
