ai.x.grok	grok.png
com.Slack	slack.png
com.abnamro.nl.mobile.payments	abn_amro.png
com.android.chrome	chrome.png
com.android.settings	settings.png
com.android.vending	google_play_store.png
com.csam.icici.bank.imobile	imobile_pay.png
com.donnnno.arcticons	arcticons_dark.png
com.etoro.openbook	etoro.png
com.garmin.android.apps.connectmobile	garmin_connect.png
com.google.android.apps.authenticator2	google_authenticator.png
com.google.android.apps.bard	google_gemini.png
com.google.android.apps.docs.editors.sheets	google_sheets.png
com.google.android.apps.maps	google_maps.png
com.google.android.apps.messaging	sms_alt_3.png
com.google.android.apps.nbu.files	google_files.png
com.google.android.apps.photos	google_photos.png
com.google.android.apps.translate	google_translate.png
com.google.android.apps.walletnfcrel	google_wallet.png
com.google.android.calculator	calculator.png
com.google.android.calendar	calendar.png
com.google.android.contacts	contacts.png
com.google.android.deskclock	clock.png
com.google.android.dialer	phone.png
com.google.android.gm	google_mail.png
com.google.android.googlequicksearchbox	google.png
com.google.android.youtube	youtube.png
com.greenaddress.greenbits_android_wallet	green_bitcoin_wallet.png
com.instagram.android	instagram.png
com.netflix.mediaclient	netflix.png
com.reddit.frontpage	reddit.png
com.spotify.music	spotify.png
com.transferwise.android	wise.png
com.twitter.android	x_twitter.png
com.vincent_falzon.discreetlauncher	discreet_launcher.png
com.whatsapp	whatsapp.png
com.x8bit.bitwarden	bitwarden.png
de.danoeh.antennapod	antennapod.png
jp.co.sony.mc.cameraapp2	sony_photography_pro.png
nl.sportcity.android	sportcity.png
org.fdroid.fdroid	f_droid.png
org.futo.inputmethod.latin	futo_keyboard.png
org.mozilla.firefox	firefox.png
org.thoughtcrime.securesms	signal_alt_8.png
org.thunderdog.challegram	telegram_x.png
